{"cameraMode":{"drawMode":0,"name":"Shaded","section":"Shading Mode"},"sceneLighting":true,"audioPlay":false,"sceneViewState":{"showFog":true,"showMaterialUpdate":false,"showSkybox":true,"showFlares":true,"showImageEffects":true,"showParticleSystems":true},"in2DMode":false,"pivot":{"x":-3.2001168727874758,"y":3.2608327865600588,"z":-0.08241844177246094},"rotation":{"x":-0.08753454685211182,"y":0.15977877378463746,"z":-0.014328223653137684,"w":-0.983267605304718},"size":6.024745941162109,"orthographic":false}