{"cameraMode":{"drawMode":0,"name":"Shaded","section":"Shading Mode"},"sceneLighting":true,"audioPlay":false,"sceneViewState":{"showFog":true,"showMaterialUpdate":false,"showSkybox":true,"showFlares":true,"showImageEffects":true,"showParticleSystems":true},"in2DMode":false,"pivot":{"x":20.992372512817384,"y":4.6887311935424809,"z":30.120031356811525},"rotation":{"x":-0.35658758878707888,"y":0.4198344945907593,"z":-0.18386664986610413,"w":-0.8141637444496155},"size":3.743769407272339,"orthographic":false}