{"cameraMode":{"drawMode":0,"name":"Shaded","section":"Shading Mode"},"sceneLighting":true,"audioPlay":false,"sceneViewState":{"showFog":true,"showMaterialUpdate":false,"showSkybox":true,"showFlares":true,"showImageEffects":true,"showParticleSystems":true},"in2DMode":false,"pivot":{"x":-0.11104828119277954,"y":1.8273570537567139,"z":2.606008529663086},"rotation":{"x":-0.019808495417237283,"y":-0.012901308946311474,"z":0.0002547340118326247,"w":-0.9997256994247437},"size":6.691604137420654,"orthographic":false}