{"cameraMode":{"drawMode":0,"name":"Shaded","section":"Shading Mode"},"sceneLighting":true,"audioPlay":false,"sceneViewState":{"m_AlwaysRefresh":false,"showFog":true,"showSkybox":true,"showFlares":true,"showImageEffects":true,"showParticleSystems":true,"showVisualEffectGraphs":true,"m_FxEnabled":true},"in2DMode":false,"pivot":{"x":1.6255319118499756,"y":1.6260147094726563,"z":3.0303354263305666},"rotation":{"x":-0.14473450183868409,"y":-0.08685840666294098,"z":0.012781818397343159,"w":-0.985607385635376},"size":3.743769407272339,"orthographic":false}