{"cameraMode":{"drawMode":0,"name":"Shaded","section":"Shading Mode"},"sceneLighting":false,"audioPlay":false,"sceneViewState":{"showFog":true,"showMaterialUpdate":false,"showSkybox":false,"showFlares":true,"showImageEffects":true,"showParticleSystems":true},"in2DMode":false,"pivot":{"x":-0.8227249979972839,"y":0.3400000035762787,"z":-0.949999988079071},"rotation":{"x":-0.02511821687221527,"y":0.6144958734512329,"z":-0.01950935088098049,"w":-0.7883535623550415},"size":1.301912546157837,"orthographic":false}