{"cameraMode":{"drawMode":0,"name":"Shaded","section":"Shading Mode"},"sceneLighting":true,"audioPlay":false,"sceneViewState":{"showFog":true,"showMaterialUpdate":false,"showSkybox":true,"showFlares":true,"showImageEffects":true,"showParticleSystems":true},"in2DMode":false,"pivot":{"x":4.926476001739502,"y":-0.42390963435173037,"z":-1.9451782703399659},"rotation":{"x":-0.041770823299884799,"y":-0.7957499623298645,"z":0.05524010956287384,"w":-0.6016649007797241},"size":7.119387626647949,"orthographic":false}